Demographic_Group,Subgroup,Disease,TPR,Overall_TPR,TPR_Disparity,Sample_Count,Positive_Count
gender,F,Atelectasis,0.28667329686723025,0.3221726961749767,-0.035499399307746426,22383,4022.0
gender,M,Atelectasis,0.3475859611615892,0.3221726961749767,0.025413264986612505,26169,5613.0
gender,F,Cardiomegaly,0.30886710736266243,0.28532608695652173,0.0235410204061407,22383,4387.0
gender,M,Cardiomegaly,0.2655312560479969,0.28532608695652173,-0.019794830908524852,26169,5167.0
gender,F,Consolidation,0.0,0.0008654262224145391,-0.0008654262224145391,22383,985.0
gender,M,Consolidation,0.0015105740181268882,0.0008654262224145391,0.0006451477957123491,26169,1324.0
gender,F,Edema,0.3653917564054957,0.3612859329817996,0.004105823423696087,22383,2693.0
gender,M,Edema,0.35777218376337316,0.3612859329817996,-0.003513749218426454,26169,3178.0
gender,F,Enlarged Cardiomediastinum,0.0016750418760469012,0.0006788866259334691,0.000996155250113432,22383,597.0
gender,M,Enlarged Cardiomediastinum,0.0,0.0006788866259334691,-0.0006788866259334691,26169,872.0
gender,F,Fracture,0.045454545454545456,0.04148936170212766,0.003965183752417799,22383,374.0
gender,M,Fracture,0.039285714285714285,0.04148936170212766,-0.002203647416413372,26169,560.0
gender,F,Lung Lesion,0.024077046548956663,0.035823170731707314,-0.011746124182750652,22383,623.0
gender,M,Lung Lesion,0.046511627906976744,0.035823170731707314,0.01068845717526943,26169,688.0
gender,F,Lung Opacity,0.24115553694787523,0.2634217482453742,-0.02226621129749895,22383,4777.0
gender,M,Lung Opacity,0.28048582995951415,0.2634217482453742,0.017064081714139978,26169,6175.0
gender,F,No Finding,0.7625750136388434,0.7319593205669155,0.030615693071927907,22383,9165.0
gender,M,No Finding,0.7011668107173725,0.7319593205669155,-0.03079250984954296,26169,9256.0
gender,F,Pleural Effusion,0.6429264506112944,0.6262485885520716,0.016677862059222837,22383,5153.0
gender,M,Pleural Effusion,0.6123799023468263,0.6262485885520716,-0.013868686205245284,26169,6349.0
gender,F,Pleural Other,0.00625,0.0024752475247524753,0.003774752475247525,22383,160.0
gender,M,Pleural Other,0.0,0.0024752475247524753,-0.0024752475247524753,26169,243.0
gender,F,Pneumonia,0.037440435670524165,0.03499562554680665,0.002444810123717514,22383,1469.0
gender,M,Pneumonia,0.03324808184143223,0.03499562554680665,-0.0017475437053744228,26169,1955.0
gender,F,Pneumothorax,0.25519630484988454,0.2635046113306983,-0.008308306480813765,22383,866.0
gender,M,Pneumothorax,0.26936744847192606,0.2635046113306983,0.005862837141227761,26169,1407.0
gender,F,Support Devices,0.8509966777408637,0.8636641948431866,-0.012667517102322834,22383,6020.0
gender,M,Support Devices,0.872109158186864,0.8636641948431866,0.008444963343677392,26169,8648.0
ethnicity,UNKNOWN,Atelectasis,0.36477987421383645,0.3221726961749767,0.04260717803885977,1752,477.0
ethnicity,WHITE,Atelectasis,0.32886106141920096,0.3221726961749767,0.006688365244224281,30431,6708.0
ethnicity,HISPANIC/LATINO,Atelectasis,0.3333333333333333,0.3221726961749767,0.011160637158356634,2475,384.0
ethnicity,BLACK/AFRICAN AMERICAN,Atelectasis,0.2506350550381033,0.3221726961749767,-0.07153764113687339,7333,1181.0
ethnicity,OTHER,Atelectasis,0.3237410071942446,0.3221726961749767,0.0015683110192679095,1950,417.0
ethnicity,ASIAN,Atelectasis,0.41496598639455784,0.3221726961749767,0.09279329021958116,1567,294.0
ethnicity,UNABLE TO OBTAIN,Atelectasis,0.42857142857142855,0.3221726961749767,0.10639873239645187,123,42.0
ethnicity,AMERICAN INDIAN/ALASKA NATIVE,Atelectasis,0.3157894736842105,0.3221726961749767,-0.006383222490766172,137,38.0
ethnicity,UNKNOWN,Cardiomegaly,0.21271393643031786,0.28532608695652173,-0.07261215052620387,1752,409.0
ethnicity,WHITE,Cardiomegaly,0.2674660271782574,0.28532608695652173,-0.017860059778264326,30431,6255.0
ethnicity,HISPANIC/LATINO,Cardiomegaly,0.2979214780600462,0.28532608695652173,0.012595391103524478,2475,433.0
ethnicity,BLACK/AFRICAN AMERICAN,Cardiomegaly,0.38559592096876993,0.28532608695652173,0.1002698340122482,7333,1569.0
ethnicity,OTHER,Cardiomegaly,0.3034825870646766,0.28532608695652173,0.018156500108154894,1950,402.0
ethnicity,ASIAN,Cardiomegaly,0.26791277258566976,0.28532608695652173,-0.017413314370851973,1567,321.0
ethnicity,UNABLE TO OBTAIN,Cardiomegaly,0.1388888888888889,0.28532608695652173,-0.14643719806763283,123,36.0
ethnicity,AMERICAN INDIAN/ALASKA NATIVE,Cardiomegaly,0.23333333333333334,0.28532608695652173,-0.05199275362318839,137,30.0
ethnicity,UNKNOWN,Consolidation,0.0,0.0008654262224145391,-0.0008654262224145391,1752,158.0
ethnicity,WHITE,Consolidation,0.0006435006435006435,0.0008654262224145391,-0.00022192557891389565,30431,1554.0
ethnicity,HISPANIC/LATINO,Consolidation,0.0,0.0008654262224145391,-0.0008654262224145391,2475,91.0
ethnicity,BLACK/AFRICAN AMERICAN,Consolidation,0.003289473684210526,0.0008654262224145391,0.0024240474617959872,7333,304.0
ethnicity,OTHER,Consolidation,0.0,0.0008654262224145391,-0.0008654262224145391,1950,91.0
ethnicity,ASIAN,Consolidation,0.0,0.0008654262224145391,-0.0008654262224145391,1567,79.0
ethnicity,UNABLE TO OBTAIN,Consolidation,0.0,0.0008654262224145391,-0.0008654262224145391,123,7.0
ethnicity,AMERICAN INDIAN/ALASKA NATIVE,Consolidation,0.0,0.0008654262224145391,-0.0008654262224145391,137,6.0
ethnicity,UNKNOWN,Edema,0.3277027027027027,0.3612859329817996,-0.03358323027909693,1752,296.0
ethnicity,WHITE,Edema,0.3626943005181347,0.3612859329817996,0.001408367536335109,30431,4053.0
ethnicity,HISPANIC/LATINO,Edema,0.3902439024390244,0.3612859329817996,0.028957969457224786,2475,246.0
ethnicity,BLACK/AFRICAN AMERICAN,Edema,0.37344913151364767,0.3612859329817996,0.012163198531848052,7333,806.0
ethnicity,OTHER,Edema,0.3281853281853282,0.3612859329817996,-0.03310060479647142,1950,259.0
ethnicity,ASIAN,Edema,0.33540372670807456,0.3612859329817996,-0.02588220627372506,1567,161.0
ethnicity,UNABLE TO OBTAIN,Edema,0.3157894736842105,0.3612859329817996,-0.04549645929758911,123,19.0
ethnicity,AMERICAN INDIAN/ALASKA NATIVE,Edema,0.5238095238095238,0.3612859329817996,0.16252359082772422,137,21.0
ethnicity,UNKNOWN,Enlarged Cardiomediastinum,0.0,0.0006788866259334691,-0.0006788866259334691,1752,76.0
ethnicity,WHITE,Enlarged Cardiomediastinum,0.00101010101010101,0.0006788866259334691,0.000331214384167541,30431,990.0
ethnicity,HISPANIC/LATINO,Enlarged Cardiomediastinum,0.0,0.0006788866259334691,-0.0006788866259334691,2475,74.0
ethnicity,BLACK/AFRICAN AMERICAN,Enlarged Cardiomediastinum,0.0,0.0006788866259334691,-0.0006788866259334691,7333,183.0
ethnicity,OTHER,Enlarged Cardiomediastinum,0.0,0.0006788866259334691,-0.0006788866259334691,1950,54.0
ethnicity,ASIAN,Enlarged Cardiomediastinum,0.0,0.0006788866259334691,-0.0006788866259334691,1567,54.0
ethnicity,UNABLE TO OBTAIN,Enlarged Cardiomediastinum,0.0,0.0006788866259334691,-0.0006788866259334691,123,11.0
ethnicity,AMERICAN INDIAN/ALASKA NATIVE,Enlarged Cardiomediastinum,0.0,0.0006788866259334691,-0.0006788866259334691,137,4.0
ethnicity,UNKNOWN,Fracture,0.08196721311475409,0.04148936170212766,0.040477851412626435,1752,61.0
ethnicity,WHITE,Fracture,0.04272151898734177,0.04148936170212766,0.0012321572852141138,30431,632.0
ethnicity,HISPANIC/LATINO,Fracture,0.0,0.04148936170212766,-0.04148936170212766,2475,33.0
ethnicity,BLACK/AFRICAN AMERICAN,Fracture,0.02666666666666667,0.04148936170212766,-0.014822695035460989,7333,75.0
ethnicity,OTHER,Fracture,0.058823529411764705,0.04148936170212766,0.017334167709637048,1950,34.0
ethnicity,ASIAN,Fracture,0.045454545454545456,0.04148936170212766,0.003965183752417799,1567,22.0
ethnicity,UNABLE TO OBTAIN,Fracture,0.0,0.04148936170212766,-0.04148936170212766,123,5.0
ethnicity,AMERICAN INDIAN/ALASKA NATIVE,Fracture,0.0,0.04148936170212766,-0.04148936170212766,137,3.0
ethnicity,UNKNOWN,Lung Lesion,0.08,0.035823170731707314,0.04417682926829269,1752,25.0
ethnicity,WHITE,Lung Lesion,0.039647577092511016,0.035823170731707314,0.003824406360803702,30431,908.0
ethnicity,HISPANIC/LATINO,Lung Lesion,0.0,0.035823170731707314,-0.035823170731707314,2475,43.0
ethnicity,BLACK/AFRICAN AMERICAN,Lung Lesion,0.028409090909090908,0.035823170731707314,-0.007414079822616406,7333,176.0
ethnicity,OTHER,Lung Lesion,0.03389830508474576,0.035823170731707314,-0.0019248656469615516,1950,59.0
ethnicity,ASIAN,Lung Lesion,0.016666666666666666,0.035823170731707314,-0.019156504065040648,1567,60.0
ethnicity,UNABLE TO OBTAIN,Lung Lesion,0.0,0.035823170731707314,-0.035823170731707314,123,1.0
ethnicity,UNKNOWN,Lung Opacity,0.31103074141048825,0.2634217482453742,0.04760899316511408,1752,553.0
ethnicity,WHITE,Lung Opacity,0.2622076323348379,0.2634217482453742,-0.001214115910536273,30431,7311.0
ethnicity,HISPANIC/LATINO,Lung Opacity,0.24507658643326038,0.2634217482453742,-0.01834516181211379,2475,457.0
ethnicity,BLACK/AFRICAN AMERICAN,Lung Opacity,0.27320261437908494,0.2634217482453742,0.009780866133710764,7333,1530.0
ethnicity,OTHER,Lung Opacity,0.27789473684210525,0.2634217482453742,0.014472988596731073,1950,475.0
ethnicity,ASIAN,Lung Opacity,0.26273458445040215,0.2634217482453742,-0.0006871637949720233,1567,373.0
ethnicity,UNABLE TO OBTAIN,Lung Opacity,0.1891891891891892,0.2634217482453742,-0.07423255905618498,123,37.0
ethnicity,AMERICAN INDIAN/ALASKA NATIVE,Lung Opacity,0.19047619047619047,0.2634217482453742,-0.07294555776918371,137,42.0
ethnicity,UNKNOWN,No Finding,0.37962962962962965,0.7319593205669155,-0.35232969093728583,1752,324.0
ethnicity,WHITE,No Finding,0.6795715829812322,0.7319593205669155,-0.05238773758568327,30431,10177.0
ethnicity,HISPANIC/LATINO,No Finding,0.8181049069373942,0.7319593205669155,0.08614558637047876,2475,1182.0
ethnicity,BLACK/AFRICAN AMERICAN,No Finding,0.7568836045056321,0.7319593205669155,0.024924283938716596,7333,3196.0
ethnicity,OTHER,No Finding,0.676602086438152,0.7319593205669155,-0.05535723412876348,1950,671.0
ethnicity,ASIAN,No Finding,0.6794871794871795,0.7319593205669155,-0.05247214107973597,1567,546.0
ethnicity,UNABLE TO OBTAIN,No Finding,0.5454545454545454,0.7319593205669155,-0.18650477511237007,123,22.0
ethnicity,AMERICAN INDIAN/ALASKA NATIVE,No Finding,0.5789473684210527,0.7319593205669155,-0.15301195214586283,137,38.0
ethnicity,UNKNOWN,Pleural Effusion,0.5815972222222222,0.6262485885520716,-0.04465136632984934,1752,576.0
ethnicity,WHITE,Pleural Effusion,0.6395168042100228,0.6262485885520716,0.013268215657951221,30431,8361.0
ethnicity,HISPANIC/LATINO,Pleural Effusion,0.5494505494505495,0.6262485885520716,-0.07679803910152205,2475,364.0
ethnicity,BLACK/AFRICAN AMERICAN,Pleural Effusion,0.5745212323064113,0.6262485885520716,-0.05172735624566027,7333,1201.0
ethnicity,OTHER,Pleural Effusion,0.6204690831556503,0.6262485885520716,-0.005779505396421247,1950,469.0
ethnicity,ASIAN,Pleural Effusion,0.6682577565632458,0.6262485885520716,0.04200916801117427,1567,419.0
ethnicity,UNABLE TO OBTAIN,Pleural Effusion,0.5833333333333334,0.6262485885520716,-0.04291525521873818,123,36.0
ethnicity,AMERICAN INDIAN/ALASKA NATIVE,Pleural Effusion,0.5531914893617021,0.6262485885520716,-0.0730570991903694,137,47.0
ethnicity,UNKNOWN,Pleural Other,0.0,0.0024752475247524753,-0.0024752475247524753,1752,8.0
ethnicity,WHITE,Pleural Other,0.0034482758620689655,0.0024752475247524753,0.0009730283373164902,30431,290.0
ethnicity,HISPANIC/LATINO,Pleural Other,0.0,0.0024752475247524753,-0.0024752475247524753,2475,11.0
ethnicity,BLACK/AFRICAN AMERICAN,Pleural Other,0.0,0.0024752475247524753,-0.0024752475247524753,7333,48.0
ethnicity,OTHER,Pleural Other,0.0,0.0024752475247524753,-0.0024752475247524753,1950,17.0
ethnicity,ASIAN,Pleural Other,0.0,0.0024752475247524753,-0.0024752475247524753,1567,18.0
ethnicity,AMERICAN INDIAN/ALASKA NATIVE,Pleural Other,0.0,0.0024752475247524753,-0.0024752475247524753,137,2.0
ethnicity,UNKNOWN,Pneumonia,0.022058823529411766,0.03499562554680665,-0.012936802017394885,1752,136.0
ethnicity,WHITE,Pneumonia,0.029857397504456328,0.03499562554680665,-0.005138228042350323,30431,2244.0
ethnicity,HISPANIC/LATINO,Pneumonia,0.03496503496503497,0.03499562554680665,-3.059058177168339e-05,2475,143.0
ethnicity,BLACK/AFRICAN AMERICAN,Pneumonia,0.03795066413662239,0.03499562554680665,0.002955038589815738,7333,527.0
ethnicity,OTHER,Pneumonia,0.013888888888888888,0.03499562554680665,-0.021106736657917763,1950,144.0
ethnicity,ASIAN,Pneumonia,0.020202020202020204,0.03499562554680665,-0.014793605344786447,1567,99.0
ethnicity,UNABLE TO OBTAIN,Pneumonia,0.0,0.03499562554680665,-0.03499562554680665,123,3.0
ethnicity,AMERICAN INDIAN/ALASKA NATIVE,Pneumonia,0.0,0.03499562554680665,-0.03499562554680665,137,9.0
ethnicity,UNKNOWN,Pneumothorax,0.2624113475177305,0.2635046113306983,-0.0010932638129678152,1752,141.0
ethnicity,WHITE,Pneumothorax,0.26081582200247216,0.2635046113306983,-0.0026887893282261377,30431,1618.0
ethnicity,HISPANIC/LATINO,Pneumothorax,0.16666666666666666,0.2635046113306983,-0.09683794466403164,2475,72.0
ethnicity,BLACK/AFRICAN AMERICAN,Pneumothorax,0.2930232558139535,0.2635046113306983,0.029518644483255196,7333,215.0
ethnicity,OTHER,Pneumothorax,0.2127659574468085,0.2635046113306983,-0.05073865388388979,1950,94.0
ethnicity,ASIAN,Pneumothorax,0.35294117647058826,0.2635046113306983,0.08943656513988996,1567,102.0
ethnicity,UNABLE TO OBTAIN,Pneumothorax,0.5,0.2635046113306983,0.2364953886693017,123,18.0
ethnicity,AMERICAN INDIAN/ALASKA NATIVE,Pneumothorax,0.0,0.2635046113306983,-0.2635046113306983,137,4.0
ethnicity,UNKNOWN,Support Devices,0.9533275713050994,0.8636641948431866,0.0896633764619128,1752,1157.0
ethnicity,WHITE,Support Devices,0.8535556448372841,0.8636641948431866,-0.010108550005902495,30431,9956.0
ethnicity,HISPANIC/LATINO,Support Devices,0.891941391941392,0.8636641948431866,0.02827719709820542,2475,546.0
ethnicity,BLACK/AFRICAN AMERICAN,Support Devices,0.8606701940035273,0.8636641948431866,-0.002994000839659283,7333,1701.0
ethnicity,OTHER,Support Devices,0.8664546899841018,0.8636641948431866,0.002790495140915228,1950,629.0
ethnicity,ASIAN,Support Devices,0.8517034068136272,0.8636641948431866,-0.011960788029559355,1567,499.0
ethnicity,UNABLE TO OBTAIN,Support Devices,0.9629629629629629,0.8636641948431866,0.09929876811977634,123,81.0
ethnicity,AMERICAN INDIAN/ALASKA NATIVE,Support Devices,0.8870967741935484,0.8636641948431866,0.023432579350361804,137,62.0
insurance,Medicare,Atelectasis,0.3037022371807563,0.3221726961749767,-0.018470458994220396,22295,5051.0
insurance,Other,Atelectasis,0.3491368204071116,0.3221726961749767,0.0269641242321349,20349,3881.0
insurance,Medicaid,Atelectasis,0.33169129720853857,0.3221726961749767,0.009518601033561891,3124,609.0
insurance,Medicare,Cardiomegaly,0.3031458531935176,0.28532608695652173,0.017819766236995882,22295,5245.0
insurance,Other,Cardiomegaly,0.2692725298588491,0.28532608695652173,-0.016053557097672644,20349,3684.0
insurance,Medicaid,Cardiomegaly,0.2509505703422053,0.28532608695652173,-0.034375516614316426,3124,526.0
insurance,Medicare,Consolidation,0.0,0.0008654262224145391,-0.0008654262224145391,22295,1193.0
insurance,Other,Consolidation,0.0021413276231263384,0.0008654262224145391,0.0012759014007117993,20349,934.0
insurance,Medicaid,Consolidation,0.0,0.0008654262224145391,-0.0008654262224145391,3124,163.0
insurance,Medicare,Edema,0.3848617176128093,0.3612859329817996,0.023575784631009677,22295,3435.0
insurance,Other,Edema,0.33877159309021115,0.3612859329817996,-0.022514339891588464,20349,2084.0
insurance,Medicaid,Edema,0.26900584795321636,0.3612859329817996,-0.09228008502858326,3124,342.0
insurance,Medicare,Enlarged Cardiomediastinum,0.0,0.0006788866259334691,-0.0006788866259334691,22295,701.0
insurance,Other,Enlarged Cardiomediastinum,0.0015220700152207,0.0006788866259334691,0.000843183389287231,20349,657.0
insurance,Medicaid,Enlarged Cardiomediastinum,0.0,0.0006788866259334691,-0.0006788866259334691,3124,88.0
insurance,Medicare,Fracture,0.03636363636363636,0.04148936170212766,-0.005125725338491295,22295,440.0
insurance,Other,Fracture,0.05614973262032086,0.04148936170212766,0.014660370918193201,20349,374.0
insurance,Medicaid,Fracture,0.0,0.04148936170212766,-0.04148936170212766,3124,51.0
insurance,Medicare,Lung Lesion,0.037821482602118005,0.035823170731707314,0.0019983118704106906,22295,661.0
insurance,Other,Lung Lesion,0.03780718336483932,0.035823170731707314,0.0019840126331320054,20349,529.0
insurance,Medicaid,Lung Lesion,0.012195121951219513,0.035823170731707314,-0.0236280487804878,3124,82.0
insurance,Medicare,Lung Opacity,0.2547535211267606,0.2634217482453742,-0.008668227118613592,22295,5680.0
insurance,Other,Lung Opacity,0.27529249827942187,0.2634217482453742,0.011870750034047695,20349,4359.0
insurance,Medicaid,Lung Opacity,0.2936400541271989,0.2634217482453742,0.030218305881824725,3124,739.0
insurance,Medicare,No Finding,0.6151664427526496,0.7319593205669155,-0.11679287781426584,22295,6699.0
insurance,Other,No Finding,0.7573359308413491,0.7319593205669155,0.02537661027443361,20349,8213.0
insurance,Medicaid,No Finding,0.7580385852090032,0.7319593205669155,0.026079264642087763,3124,1244.0
insurance,Medicare,Pleural Effusion,0.6420986883198001,0.6262485885520716,0.015850099767728554,22295,6404.0
insurance,Other,Pleural Effusion,0.6090142095914742,0.6262485885520716,-0.01723437896059732,20349,4504.0
insurance,Medicaid,Pleural Effusion,0.5929203539823009,0.6262485885520716,-0.03332823456977063,3124,565.0
insurance,Medicare,Pleural Other,0.004484304932735426,0.0024752475247524753,0.0020090574079829507,22295,223.0
insurance,Other,Pleural Other,0.0,0.0024752475247524753,-0.0024752475247524753,20349,154.0
insurance,Medicaid,Pleural Other,0.0,0.0024752475247524753,-0.0024752475247524753,3124,17.0
insurance,Medicare,Pneumonia,0.019263456090651557,0.03499562554680665,-0.015732169456155094,22295,1765.0
insurance,Other,Pneumonia,0.044173648134044174,0.03499562554680665,0.009178022587237523,20349,1313.0
insurance,Medicaid,Pneumonia,0.030837004405286344,0.03499562554680665,-0.004158621141520307,3124,227.0
insurance,Medicare,Pneumothorax,0.225531914893617,0.2635046113306983,-0.03797269643708129,22295,940.0
insurance,Other,Pneumothorax,0.30310880829015546,0.2635046113306983,0.03960419695945716,20349,1158.0
insurance,Medicaid,Pneumothorax,0.21686746987951808,0.2635046113306983,-0.046637141451180225,3124,166.0
insurance,Medicare,Support Devices,0.8522341436914301,0.8636641948431866,-0.011430051151756437,22295,7363.0
insurance,Other,Support Devices,0.873827240375283,0.8636641948431866,0.01016304553209646,20349,6182.0
insurance,Medicaid,Support Devices,0.9005524861878453,0.8636641948431866,0.036888291344658763,3124,1086.0
marital_status,WIDOWED,Atelectasis,0.27864406779661016,0.3221726961749767,-0.04352862837836652,6355,1475.0
marital_status,MARRIED,Atelectasis,0.34207361077700266,0.3221726961749767,0.019900914602025976,19053,4157.0
marital_status,SINGLE,Atelectasis,0.31986531986531985,0.3221726961749767,-0.002307376309656828,14956,2673.0
marital_status,DIVORCED,Atelectasis,0.29426751592356687,0.3221726961749767,-0.02790518025140981,3876,785.0
marital_status,WIDOWED,Cardiomegaly,0.3232502965599051,0.28532608695652173,0.037924209603383385,6355,1686.0
marital_status,MARRIED,Cardiomegaly,0.2774842767295598,0.28532608695652173,-0.007841810226961954,19053,3975.0
marital_status,SINGLE,Cardiomegaly,0.2840437570728027,0.28532608695652173,-0.0012823298837190134,14956,2651.0
marital_status,DIVORCED,Cardiomegaly,0.2986842105263158,0.28532608695652173,0.013358123569794045,3876,760.0
marital_status,WIDOWED,Consolidation,0.0,0.0008654262224145391,-0.0008654262224145391,6355,286.0
marital_status,MARRIED,Consolidation,0.0010964912280701754,0.0008654262224145391,0.00023106500565563625,19053,912.0
marital_status,SINGLE,Consolidation,0.0013386880856760374,0.0008654262224145391,0.0004732618632614983,14956,747.0
marital_status,DIVORCED,Consolidation,0.0,0.0008654262224145391,-0.0008654262224145391,3876,200.0
marital_status,WIDOWED,Edema,0.40913160250671443,0.3612859329817996,0.04784566952491481,6355,1117.0
marital_status,MARRIED,Edema,0.3525239883187318,0.3612859329817996,-0.008761944663067844,19053,2397.0
marital_status,SINGLE,Edema,0.3480122324159021,0.3612859329817996,-0.013273700565897495,14956,1635.0
marital_status,DIVORCED,Edema,0.3530701754385965,0.3612859329817996,-0.00821575754320314,3876,456.0
marital_status,WIDOWED,Enlarged Cardiomediastinum,0.0,0.0006788866259334691,-0.0006788866259334691,6355,181.0
marital_status,MARRIED,Enlarged Cardiomediastinum,0.0,0.0006788866259334691,-0.0006788866259334691,19053,641.0
marital_status,SINGLE,Enlarged Cardiomediastinum,0.002369668246445498,0.0006788866259334691,0.0016907816205120286,14956,422.0
marital_status,DIVORCED,Enlarged Cardiomediastinum,0.0,0.0006788866259334691,-0.0006788866259334691,3876,124.0
marital_status,WIDOWED,Fracture,0.02112676056338028,0.04148936170212766,-0.020362601138747376,6355,142.0
marital_status,MARRIED,Fracture,0.052478134110787174,0.04148936170212766,0.010988772408659517,19053,343.0
marital_status,SINGLE,Fracture,0.025423728813559324,0.04148936170212766,-0.016065632888568333,14956,236.0
marital_status,DIVORCED,Fracture,0.07954545454545454,0.04148936170212766,0.03805609284332689,3876,88.0
marital_status,WIDOWED,Lung Lesion,0.01485148514851485,0.035823170731707314,-0.020971685583192463,6355,202.0
marital_status,MARRIED,Lung Lesion,0.03833333333333333,0.035823170731707314,0.002510162601626016,19053,600.0
marital_status,SINGLE,Lung Lesion,0.04189944134078212,0.035823170731707314,0.006076270609074806,14956,358.0
marital_status,DIVORCED,Lung Lesion,0.054945054945054944,0.035823170731707314,0.01912188421334763,3876,91.0
marital_status,WIDOWED,Lung Opacity,0.2207868467410452,0.2634217482453742,-0.04263490150432897,6355,1703.0
marital_status,MARRIED,Lung Opacity,0.2602247191011236,0.2634217482453742,-0.003197029144250574,19053,4450.0
marital_status,SINGLE,Lung Opacity,0.2896509491733007,0.2634217482453742,0.02622920092792652,14956,3266.0
marital_status,DIVORCED,Lung Opacity,0.25791324736225085,0.2634217482453742,-0.005508500883123324,3876,853.0
marital_status,WIDOWED,No Finding,0.5744920993227991,0.7319593205669155,-0.15746722124411638,6355,1772.0
marital_status,MARRIED,No Finding,0.688557366964011,0.7319593205669155,-0.04340195360290444,19053,6502.0
marital_status,SINGLE,No Finding,0.7604605903340902,0.7319593205669155,0.02850126976717471,14956,6166.0
marital_status,DIVORCED,No Finding,0.6921487603305785,0.7319593205669155,-0.039810560236337,3876,1452.0
marital_status,WIDOWED,Pleural Effusion,0.6882383153569595,0.6262485885520716,0.0619897268048879,6355,1947.0
marital_status,MARRIED,Pleural Effusion,0.6366836136096988,0.6262485885520716,0.010435025057627278,19053,5114.0
marital_status,SINGLE,Pleural Effusion,0.5768974700399467,0.6262485885520716,-0.049351118512124814,14956,3004.0
marital_status,DIVORCED,Pleural Effusion,0.6145374449339207,0.6262485885520716,-0.011711143618150843,3876,908.0
marital_status,WIDOWED,Pleural Other,0.015151515151515152,0.0024752475247524753,0.012676267626762676,6355,66.0
marital_status,MARRIED,Pleural Other,0.0,0.0024752475247524753,-0.0024752475247524753,19053,197.0
marital_status,SINGLE,Pleural Other,0.0,0.0024752475247524753,-0.0024752475247524753,14956,94.0
marital_status,DIVORCED,Pleural Other,0.0,0.0024752475247524753,-0.0024752475247524753,3876,29.0
marital_status,WIDOWED,Pneumonia,0.02053388090349076,0.03499562554680665,-0.014461744643315892,6355,487.0
marital_status,MARRIED,Pneumonia,0.0268857356235997,0.03499562554680665,-0.00810988992320695,19053,1339.0
marital_status,SINGLE,Pneumonia,0.039162112932604735,0.03499562554680665,0.004166487385798084,14956,1098.0
marital_status,DIVORCED,Pneumonia,0.033962264150943396,0.03499562554680665,-0.0010333613958632554,3876,265.0
marital_status,WIDOWED,Pneumothorax,0.2163265306122449,0.2635046113306983,-0.04717808071845339,6355,245.0
marital_status,MARRIED,Pneumothorax,0.2502532928064843,0.2635046113306983,-0.013251318524214017,19053,987.0
marital_status,SINGLE,Pneumothorax,0.3062068965517241,0.2635046113306983,0.042702285221025815,14956,725.0
marital_status,DIVORCED,Pneumothorax,0.28921568627450983,0.2635046113306983,0.02571107494381153,3876,204.0
marital_status,WIDOWED,Support Devices,0.8252808988764045,0.8636641948431866,-0.03838329596678203,6355,1780.0
marital_status,MARRIED,Support Devices,0.854836105280155,0.8636641948431866,-0.008828089563031605,19053,6193.0
marital_status,SINGLE,Support Devices,0.8698079499776686,0.8636641948431866,0.006143755134482065,14956,4478.0
marital_status,DIVORCED,Support Devices,0.880672268907563,0.8636641948431866,0.017008074064376433,3876,1190.0
anchor_year_group,2014 - 2016,Atelectasis,0.35520770620108366,0.3221726961749767,0.03303501002610698,15401,3322.0
anchor_year_group,2008 - 2010,Atelectasis,0.2637447135717032,0.3221726961749767,-0.058427982603273476,15694,2601.0
anchor_year_group,2011 - 2013,Atelectasis,0.33351293103448276,0.3221726961749767,0.011340234859506082,17457,3712.0
anchor_year_group,2014 - 2016,Cardiomegaly,0.26102124960355216,0.28532608695652173,-0.024304837352969566,15401,3153.0
anchor_year_group,2008 - 2010,Cardiomegaly,0.3320659062103929,0.28532608695652173,0.04673981925387116,15694,3156.0
anchor_year_group,2011 - 2013,Cardiomegaly,0.2637904468412943,0.28532608695652173,-0.021535640115227406,17457,3245.0
anchor_year_group,2014 - 2016,Consolidation,0.0,0.0008654262224145391,-0.0008654262224145391,15401,872.0
anchor_year_group,2008 - 2010,Consolidation,0.0016806722689075631,0.0008654262224145391,0.000815246046493024,15694,595.0
anchor_year_group,2011 - 2013,Consolidation,0.0011876484560570072,0.0008654262224145391,0.00032222223364246805,17457,842.0
anchor_year_group,2014 - 2016,Edema,0.3366228070175439,0.3612859329817996,-0.02466312596425574,15401,1824.0
anchor_year_group,2008 - 2010,Edema,0.38610421836228287,0.3612859329817996,0.02481828538048325,15694,2015.0
anchor_year_group,2011 - 2013,Edema,0.358759842519685,0.3612859329817996,-0.002526090462114605,17457,2032.0
anchor_year_group,2014 - 2016,Enlarged Cardiomediastinum,0.002150537634408602,0.0006788866259334691,0.001471651008475133,15401,465.0
anchor_year_group,2008 - 2010,Enlarged Cardiomediastinum,0.0,0.0006788866259334691,-0.0006788866259334691,15694,407.0
anchor_year_group,2011 - 2013,Enlarged Cardiomediastinum,0.0,0.0006788866259334691,-0.0006788866259334691,17457,597.0
anchor_year_group,2014 - 2016,Fracture,0.043343653250773995,0.04148936170212766,0.0018542915486463377,15401,323.0
anchor_year_group,2008 - 2010,Fracture,0.024475524475524476,0.04148936170212766,-0.01701383722660318,15694,286.0
anchor_year_group,2011 - 2013,Fracture,0.055384615384615386,0.04148936170212766,0.01389525368248773,17457,325.0
anchor_year_group,2014 - 2016,Lung Lesion,0.0440771349862259,0.035823170731707314,0.008253964254518582,15401,363.0
anchor_year_group,2008 - 2010,Lung Lesion,0.03409090909090909,0.035823170731707314,-0.0017322616407982258,15694,440.0
anchor_year_group,2011 - 2013,Lung Lesion,0.031496062992125984,0.035823170731707314,-0.00432710773958133,17457,508.0
anchor_year_group,2014 - 2016,Lung Opacity,0.26840317100792754,0.2634217482453742,0.004981422762553367,15401,3532.0
anchor_year_group,2008 - 2010,Lung Opacity,0.24281437125748503,0.2634217482453742,-0.020607376987889142,15694,3340.0
anchor_year_group,2011 - 2013,Lung Opacity,0.2757352941176471,0.2634217482453742,0.012313545872272902,17457,4080.0
anchor_year_group,2014 - 2016,No Finding,0.7084350929926733,0.7319593205669155,-0.023524227574242218,15401,5323.0
anchor_year_group,2008 - 2010,No Finding,0.7439155058931578,0.7319593205669155,0.011956185326242319,15694,6533.0
anchor_year_group,2011 - 2013,No Finding,0.7384615384615385,0.7319593205669155,0.006502217894623019,17457,6565.0
anchor_year_group,2014 - 2016,Pleural Effusion,0.6302354399008674,0.6262485885520716,0.003986851348795839,15401,4035.0
anchor_year_group,2008 - 2010,Pleural Effusion,0.6264724116553007,0.6262485885520716,0.00022382310322910381,15694,3226.0
anchor_year_group,2011 - 2013,Pleural Effusion,0.6217873143126621,0.6262485885520716,-0.004461274239409452,17457,4241.0
anchor_year_group,2014 - 2016,Pleural Other,0.0,0.0024752475247524753,-0.0024752475247524753,15401,120.0
anchor_year_group,2008 - 2010,Pleural Other,0.006802721088435374,0.0024752475247524753,0.004327473563682899,15694,147.0
anchor_year_group,2011 - 2013,Pleural Other,0.0,0.0024752475247524753,-0.0024752475247524753,17457,136.0
anchor_year_group,2014 - 2016,Pneumonia,0.034782608695652174,0.03499562554680665,-0.00021301685115447666,15401,1035.0
anchor_year_group,2008 - 2010,Pneumonia,0.03062117235345582,0.03499562554680665,-0.004374453193350832,15694,1143.0
anchor_year_group,2011 - 2013,Pneumonia,0.03932584269662921,0.03499562554680665,0.004330217149822561,17457,1246.0
anchor_year_group,2014 - 2016,Pneumothorax,0.2899022801302932,0.2635046113306983,0.026397668799594876,15401,921.0
anchor_year_group,2008 - 2010,Pneumothorax,0.22526315789473683,0.2635046113306983,-0.03824145343596147,15694,475.0
anchor_year_group,2011 - 2013,Pneumothorax,0.2576966932725199,0.2635046113306983,-0.005807918058178374,17457,877.0
anchor_year_group,2014 - 2016,Support Devices,0.8878689704823615,0.8636641948431866,0.02420477563917489,15401,5556.0
anchor_year_group,2008 - 2010,Support Devices,0.8182068965517242,0.8636641948431866,-0.04545729829146239,15694,3625.0
anchor_year_group,2011 - 2013,Support Devices,0.8685985055585931,0.8636641948431866,0.004934310715406509,17457,5487.0
